"","ANOVA.Effect","ANOVA.DFn","ANOVA.DFd","ANOVA.SSn","ANOVA.SSd","ANOVA.F","ANOVA.p","ANOVA.p..05","ANOVA.ges"
"1","(Intercept)",1,10,25.8198378241455,39.1299938394045,6.59847735476627,0.0279505241181272,"*",0.313227667950113
"2","cond1",1,10,0.0983367275000003,6.48436092505,0.151652149898245,0.705125899688783,"",0.00173402692241302
"3","cond2",1,10,1.54926091930909,6.96938523504091,2.22295204965808,0.166826432619923,"",0.026637471944031
"4","cond1:cond2",1,10,0.565788888445455,4.02795829550455,1.40465428620974,0.263346129140739,"",0.00989530873628995
